{"config/iterations_per_epoch":1092,"_wandb":{"runtime":11531},"train/learning_rate":0.000779981684981685,"train/gpu_memory_mb":29117.0087890625,"_timestamp":1.756990150266931e+09,"train/masks_predict":44.34280476626948,"train/grad_first_layer":0.015894418582320213,"epoch/avg_loss":0.0505654200273583,"train/grad_avg":0.0005793381000528406,"train/weight_decay":0.0583538972784412,"train/grad_min":1.859672522641631e-07,"_runtime":11531.956735156,"train/loss_avg":0.050555031553702987,"train/iteration":1090,"_step":31668,"train/time_ms":312.5821533203125,"train/epoch":29,"epoch/avg_masks_context":76.29395604395604,"train/masks_context":76.29239230064161,"train/loss":0.05164479464292526,"epoch/avg_masks_predict":44.34065934065934,"train/grad_last_layer":1.3439870599540882e-05,"epoch/avg_time_per_iteration":327.65057674869075,"config/dataset_size":34963,"config/total_iterations":218400,"epoch/number":29,"train/global_step":31666,"train/grad_max":0.05440735071897507}