{"train/grad_max":0.016603780910372734,"_wandb":{"runtime":78558},"train/weight_decay":0.3999999999813776,"train/learning_rate":1.0000000807457964e-06,"train/global_step":218398,"epoch/avg_masks_context":76.53754578754578,"_timestamp":1.7570788376194894e+09,"train/loss_avg":0.01785400693025696,"train/grad_min":8.203690413211007e-06,"train/grad_first_layer":0.003366950899362564,"epoch/avg_time_per_iteration":326.8148679069547,"train/time_ms":328.10162353515625,"train/grad_avg":0.0003297455741701487,"train/epoch":200,"train/iteration":1090,"train/loss":0.016947906464338303,"config/iterations_per_epoch":1092,"epoch/avg_masks_predict":44.252747252747255,"train/grad_last_layer":0.00018032094521913677,"train/masks_context":76.54628780934922,"config/dataset_size":34963,"config/total_iterations":218400,"train/gpu_memory_mb":29391.98974609375,"_step":218400,"epoch/number":200,"_runtime":78558.548776862,"train/masks_predict":44.25481209899175,"epoch/avg_loss":0.017856176509334274}